<?xml version="1.0" encoding="UTF-8"?>
<listOfValues exportedWithPermissions="true"><folder>/organizations/organization_1/datatypes</folder><name>USWesternStatesList</name><version>0</version><label>US Western States List</label><description>State Name, 2 character abbreviation</description><creationDate>2013-11-11T16:00:55.377-07:00</creationDate><updateDate>2012-11-08T07:10:28.000-07:00</updateDate><item><itemLabel>Washington</itemLabel><itemValue xmlns:xsi="http://www.w3.org/2001/XMLSchema-instance" xsi:type="java:java.lang.String">WA</itemValue></item><item><itemLabel>Oregon</itemLabel><itemValue xmlns:xsi="http://www.w3.org/2001/XMLSchema-instance" xsi:type="java:java.lang.String">OR</itemValue></item><item><itemLabel>California</itemLabel><itemValue xmlns:xsi="http://www.w3.org/2001/XMLSchema-instance" xsi:type="java:java.lang.String">CA</itemValue></item></listOfValues>