<?xml version="1.0" encoding="UTF-8"?>
<folder exportedWithPermissions="true"><parent>/organizations/organization_1</parent><name>datatypes</name><label>Input data Types</label><creationDate>2013-11-01T11:24:26.000-07:00</creationDate><updateDate>2012-11-08T06:10:18.000-08:00</updateDate><permission><permissionMask>30</permissionMask><recipient recipientType="role">ROLE_DEMO</recipient></permission><permission><permissionMask>30</permissionMask><recipient recipientType="role">ROLE_SUPERMART_MANAGER</recipient></permission><permission><permissionMask>30</permissionMask><recipient recipientType="role">ROLE_USER</recipient></permission></folder>