<?xml version="1.0" encoding="UTF-8"?>
<folder exportedWithPermissions="true"><parent>/organizations/organization_1/supermart</parent><name>Common</name><label>Common</label><description>Modifiable by Administrators. Resource bundles for localization, input controls, etc.</description><creationDate>2013-11-01T10:58:37.000-07:00</creationDate><updateDate>2013-10-16T12:03:59.000-07:00</updateDate><permission><permissionMask>2</permissionMask><recipient recipientType="role">ROLE_PORTLET</recipient></permission></folder>