<?xml version="1.0" encoding="UTF-8"?>
<fileResource exportedWithPermissions="true" dataFile="DemoChartLabels.jar.data"><folder>/organizations/organization_1/supermart/Common</folder><name>DemoChartLabels.jar</name><version>0</version><label>DemoChartLabels.jar</label><description>BarLabels.class PieLabels.class MeterLabels.class LineLabels.class</description><creationDate>2013-11-01T11:24:59.000-07:00</creationDate><updateDate>2012-11-08T06:10:29.000-08:00</updateDate><fileType>jar</fileType></fileResource>