<?xml version="1.0" encoding="UTF-8"?>
<inputControl exportedWithPermissions="true"><folder>/organizations/organization_1/supermart/Common</folder><name>monthNumber</name><version>0</version><label>Month Number Input Control</label><description>Uses MonthNamesList (in root\input data types). Maps to monthNumber parameter.</description><creationDate>2013-11-01T11:25:43.000-07:00</creationDate><updateDate>2012-11-08T06:10:29.000-08:00</updateDate><type>3</type><mandatory>true</mandatory><readOnly>false</readOnly><visible>true</visible><listOfValues><uri>/organizations/organization_1/datatypes/MonthNamesList</uri></listOfValues></inputControl>