<?xml version="1.0" encoding="UTF-8"?>
<reportUnit exportedWithPermissions="true"><folder>/organizations/organization_1/supermart/salesByMonth</folder><name>RevenueCityMonthReport</name><version>0</version><label>Revenue City Month Report</label><description>Linked to by Sales By Month Report when parameter isJasperAnalysis = "false"</description><creationDate>2013-11-01T11:25:43.000-07:00</creationDate><updateDate>2012-11-08T06:10:30.000-08:00</updateDate><mainReport><localResource xmlns:xsi="http://www.w3.org/2001/XMLSchema-instance" exportedWithPermissions="false" dataFile="RevenueCityMonthReport_.data" xsi:type="fileResource"><folder>/organizations/organization_1/supermart/salesByMonth/RevenueCityMonthReport_files</folder><name>RevenueCityMonthReport_</name><version>0</version><label>Revenue City Month Report</label><creationDate>2013-11-01T11:25:43.000-07:00</creationDate><updateDate>2012-11-08T06:10:30.000-08:00</updateDate><fileType>jrxml</fileType></localResource></mainReport><dataSource><uri>/organizations/organization_1/analysis/datasources/FoodmartDataSourceJNDI</uri></dataSource><inputControl><uri>/organizations/organization_1/supermart/Common/monthNumber</uri></inputControl><inputControl><uri>/organizations/organization_1/supermart/Common/states</uri></inputControl><resource><localResource xmlns:xsi="http://www.w3.org/2001/XMLSchema-instance" exportedWithPermissions="false" xsi:type="fileResource"><folder>/organizations/organization_1/supermart/salesByMonth/RevenueCityMonthReport_files</folder><name>supermart.properties</name><version>0</version><label>supermart.properties</label><description></description><creationDate>2013-11-01T11:25:43.000-07:00</creationDate><updateDate>2012-11-08T06:10:30.000-08:00</updateDate><referenceUri>/organizations/organization_1/supermart/Common/supermart.properties</referenceUri></localResource></resource><resource><localResource xmlns:xsi="http://www.w3.org/2001/XMLSchema-instance" exportedWithPermissions="false" xsi:type="fileResource"><folder>/organizations/organization_1/supermart/salesByMonth/RevenueCityMonthReport_files</folder><name>supermart_en_US.properties</name><version>0</version><label>supermart_en_US.properties</label><description></description><creationDate>2013-11-01T11:25:43.000-07:00</creationDate><updateDate>2012-11-08T06:10:30.000-08:00</updateDate><referenceUri>/organizations/organization_1/supermart/Common/supermart_en_US.properties</referenceUri></localResource></resource><resource><localResource xmlns:xsi="http://www.w3.org/2001/XMLSchema-instance" exportedWithPermissions="false" xsi:type="fileResource"><folder>/organizations/organization_1/supermart/salesByMonth/RevenueCityMonthReport_files</folder><name>supermart_de.properties</name><version>0</version><label>supermart_de.properties</label><description></description><creationDate>2013-11-01T11:25:43.000-07:00</creationDate><updateDate>2012-11-08T06:10:30.000-08:00</updateDate><referenceUri>/organizations/organization_1/supermart/Common/supermart_de.properties</referenceUri></localResource></resource><resource><localResource xmlns:xsi="http://www.w3.org/2001/XMLSchema-instance" exportedWithPermissions="false" xsi:type="fileResource"><folder>/organizations/organization_1/supermart/salesByMonth/RevenueCityMonthReport_files</folder><name>supermart_fr.properties</name><version>0</version><label>supermart_fr.properties</label><description></description><creationDate>2013-11-01T11:25:43.000-07:00</creationDate><updateDate>2012-11-08T06:10:30.000-08:00</updateDate><referenceUri>/organizations/organization_1/supermart/Common/supermart_fr.properties</referenceUri></localResource></resource><resource><localResource xmlns:xsi="http://www.w3.org/2001/XMLSchema-instance" exportedWithPermissions="false" xsi:type="fileResource"><folder>/organizations/organization_1/supermart/salesByMonth/RevenueCityMonthReport_files</folder><name>supermart_es.properties</name><version>0</version><label>supermart_es.properties</label><description></description><creationDate>2013-11-01T11:25:43.000-07:00</creationDate><updateDate>2012-11-08T06:10:30.000-08:00</updateDate><referenceUri>/organizations/organization_1/supermart/Common/supermart_es.properties</referenceUri></localResource></resource><resource><localResource xmlns:xsi="http://www.w3.org/2001/XMLSchema-instance" exportedWithPermissions="false" xsi:type="fileResource"><folder>/organizations/organization_1/supermart/salesByMonth/RevenueCityMonthReport_files</folder><name>supermart_ja.properties</name><version>0</version><label>supermart_ja.properties</label><description>supermart_ja.properties</description><creationDate>2013-11-01T11:25:43.000-07:00</creationDate><updateDate>2012-11-08T06:10:30.000-08:00</updateDate><referenceUri>/organizations/organization_1/supermart/Common/supermart_ja.properties</referenceUri></localResource></resource><resource><localResource xmlns:xsi="http://www.w3.org/2001/XMLSchema-instance" exportedWithPermissions="false" xsi:type="fileResource"><folder>/organizations/organization_1/supermart/salesByMonth/RevenueCityMonthReport_files</folder><name>supermart_zh_CN.properties</name><version>0</version><label>supermart_zh_CN.properties</label><description>supermart_zh_CN.properties</description><creationDate>2013-11-01T11:25:43.000-07:00</creationDate><updateDate>2012-11-08T06:10:30.000-08:00</updateDate><referenceUri>/organizations/organization_1/supermart/Common/supermart_zh_CN.properties</referenceUri></localResource></resource><resource><localResource xmlns:xsi="http://www.w3.org/2001/XMLSchema-instance" exportedWithPermissions="false" xsi:type="fileResource"><folder>/organizations/organization_1/supermart/salesByMonth/RevenueCityMonthReport_files</folder><name>DemoChartLabels.jar</name><version>0</version><label>DemoChartLabels.jar</label><description></description><creationDate>2013-11-01T11:25:43.000-07:00</creationDate><updateDate>2012-11-08T06:10:30.000-08:00</updateDate><referenceUri>/organizations/organization_1/supermart/Common/DemoChartLabels.jar</referenceUri></localResource></resource><inputControlRenderingView></inputControlRenderingView><reportRenderingView></reportRenderingView><alwaysPromptControls>false</alwaysPromptControls><controlsLayout>1</controlsLayout></reportUnit>