<?xml version="1.0" encoding="UTF-8"?>
<folder exportedWithPermissions="true"><parent>/organizations/organization_1/supermart</parent><name>Common</name><label>Common</label><description>Modifiable by Administrators. Resource bundles for localization, input controls, etc.</description><creationDate>2013-11-11T15:29:04.903-07:00</creationDate><updateDate>2013-10-16T13:00:10.749-06:00</updateDate><permission><permissionMask>2</permissionMask><recipient recipientType="role">ROLE_PORTLET</recipient></permission></folder>