<?xml version="1.0" encoding="UTF-8"?>
<inputControl exportedWithPermissions="true"><folder>/organizations/organization_1/supermart/Common</folder><name>states</name><version>0</version><label>States Input Control</label><description>Uses USWesternRegionStatesList. Maps to states parameter.</description><creationDate>2013-11-11T16:00:55.461-07:00</creationDate><updateDate>2012-11-08T07:10:29.000-07:00</updateDate><type>3</type><mandatory>false</mandatory><readOnly>false</readOnly><visible>true</visible><listOfValues><uri>/organizations/organization_1/datatypes/USWesternStatesList</uri></listOfValues></inputControl>